{
  "n_bootstrap": 10000,
  "n_samples": 77,
  "threshold": 0.52,
  "f1_yes": {
    "mean": 0.7640361516177092,
    "ci_low": 0.6333333333333333,
    "ci_high": 0.870967741935484
  },
  "macro_f1": {
    "mean": 0.8067318150157021,
    "ci_low": 0.7115075825156112,
    "ci_high": 0.8930555555555555
  },
  "accuracy": {
    "mean": 0.8181402597402597,
    "ci_low": 0.7272727272727273,
    "ci_high": 0.8961038961038961
  }
}