{
  "yes_probs": [
    0.5754812359809875,
    0.6574264764785767,
    0.5210549831390381,
    0.6659471988677979,
    0.41410085558891296,
    0.6021732091903687,
    0.7024713754653931,
    0.5638304352760315,
    0.5006576776504517,
    0.5994707942008972,
    0.546596884727478,
    0.5258532166481018,
    0.6047043204307556,
    0.3778865337371826,
    0.5591450929641724,
    0.5739768147468567,
    0.5981960296630859,
    0.5633743405342102,
    0.6237939596176147,
    0.5259152054786682,
    0.5289773344993591,
    0.555396318435669,
    0.522909939289093,
    0.5479809045791626,
    0.5741887092590332,
    0.5455372929573059,
    0.4823559820652008
  ],
  "no_probs": [
    0.47313830256462097,
    0.4954267144203186,
    0.5119189023971558,
    0.4860287308692932,
    0.6312752962112427,
    0.5096740126609802,
    0.3502969443798065,
    0.4667082130908966,
    0.3524690866470337,
    0.5072583556175232,
    0.36740240454673767,
    0.5785371661186218,
    0.3960324227809906,
    0.4631945788860321,
    0.5985246300697327,
    0.4694589078426361,
    0.33900362253189087,
    0.5023428201675415,
    0.4325726628303528,
    0.4245000183582306,
    0.46912088990211487,
    0.5502828359603882,
    0.40671005845069885,
    0.3116764426231384,
    0.54012531042099,
    0.31390681862831116,
    0.4044395387172699,
    0.4927544593811035,
    0.47729256749153137,
    0.4816564619541168,
    0.520389199256897,
    0.4944111108779907,
    0.47389596700668335,
    0.6311115026473999,
    0.5657327175140381,
    0.4555414617061615,
    0.6659471988677979,
    0.6219777464866638,
    0.43668869137763977,
    0.5191819071769714,
    0.5031281113624573,
    0.37959346175193787,
    0.32743674516677856,
    0.49239325523376465,
    0.43027010560035706,
    0.47873634099960327,
    0.43705087900161743,
    0.36767369508743286,
    0.45088160037994385,
    0.31690269708633423
  ],
  "cant_tell_probs": [
    0.6593356728553772,
    0.44622185826301575,
    0.48761239647865295,
    0.5174767971038818,
    0.5767698884010315,
    0.4538271725177765,
    0.45179304480552673,
    0.41512951254844666,
    0.6321507692337036,
    0.5467731356620789,
    0.5575861930847168,
    0.4077315032482147,
    0.4925577938556671,
    0.6047554612159729,
    0.6825228333473206,
    0.5962001085281372,
    0.466096431016922,
    0.6193390488624573,
    0.4960428476333618,
    0.5585533380508423,
    0.45776131749153137,
    0.5264919400215149,
    0.45066675543785095
  ],
  "all_labeled_probs": [
    0.5754812359809875,
    0.6574264764785767,
    0.47313830256462097,
    0.5210549831390381,
    0.4954267144203186,
    0.6659471988677979,
    0.41410085558891296,
    0.5119189023971558,
    0.4860287308692932,
    0.6312752962112427,
    0.5096740126609802,
    0.6021732091903687,
    0.3502969443798065,
    0.7024713754653931,
    0.4667082130908966,
    0.5638304352760315,
    0.3524690866470337,
    0.5006576776504517,
    0.5072583556175232,
    0.5994707942008972,
    0.36740240454673767,
    0.546596884727478,
    0.5258532166481018,
    0.5785371661186218,
    0.3960324227809906,
    0.4631945788860321,
    0.5985246300697327,
    0.4694589078426361,
    0.33900362253189087,
    0.6047043204307556,
    0.3778865337371826,
    0.5591450929641724,
    0.5023428201675415,
    0.4325726628303528,
    0.5739768147468567,
    0.4245000183582306,
    0.5981960296630859,
    0.46912088990211487,
    0.5502828359603882,
    0.40671005845069885,
    0.3116764426231384,
    0.54012531042099,
    0.31390681862831116,
    0.4044395387172699,
    0.5633743405342102,
    0.4927544593811035,
    0.47729256749153137,
    0.4816564619541168,
    0.520389199256897,
    0.4944111108779907,
    0.47389596700668335,
    0.6311115026473999,
    0.6237939596176147,
    0.5657327175140381,
    0.4555414617061615,
    0.6659471988677979,
    0.6219777464866638,
    0.43668869137763977,
    0.5191819071769714,
    0.5259152054786682,
    0.5031281113624573,
    0.37959346175193787,
    0.32743674516677856,
    0.5289773344993591,
    0.555396318435669,
    0.522909939289093,
    0.49239325523376465,
    0.43027010560035706,
    0.5479809045791626,
    0.47873634099960327,
    0.43705087900161743,
    0.5741887092590332,
    0.36767369508743286,
    0.45088160037994385,
    0.31690269708633423,
    0.5455372929573059,
    0.4823559820652008
  ],
  "all_labeled_true": [
    1,
    1,
    0,
    1,
    0,
    1,
    1,
    0,
    0,
    0,
    0,
    1,
    0,
    1,
    0,
    1,
    0,
    1,
    0,
    1,
    0,
    1,
    1,
    0,
    0,
    0,
    0,
    0,
    0,
    1,
    1,
    1,
    0,
    0,
    1,
    0,
    1,
    0,
    0,
    0,
    0,
    0,
    0,
    0,
    1,
    0,
    0,
    0,
    0,
    0,
    0,
    0,
    1,
    0,
    0,
    0,
    0,
    0,
    0,
    1,
    0,
    0,
    0,
    1,
    1,
    1,
    0,
    0,
    1,
    0,
    0,
    1,
    0,
    0,
    0,
    1,
    1
  ]
}