{
  "completed": 1,
  "total": 12,
  "best_seed": 2026,
  "best_f1": 0.7964040190375463,
  "results": [
    {
      "seed": 2026,
      "macro_f1": 0.7964040190375463,
      "threshold": 0.4750000000000002,
      "yes_f1": 0.7540983606557377,
      "no_f1": 0.8387096774193549,
      "yes_prec": 0.6764705882352942,
      "yes_rec": 0.8518518518518519,
      "no_prec": 0.9069767441860465,
      "no_rec": 0.78,
      "tp": 23,
      "fp": 11,
      "fn": 4,
      "tn": 39,
      "accuracy": 0.8051948051948052,
      "time_seconds": 269.8198573589325
    }
  ]
}