{
  "ensemble": {
    "seeds": [
      2026,
      42,
      1337
    ],
    "seed_results": {
      "2026": {
        "f1": 0.7911,
        "threshold": 0.535
      },
      "42": {
        "f1": 0.8236,
        "threshold": 0.51
      },
      "1337": {
        "f1": 0.8128,
        "threshold": 0.49
      }
    },
    "ensemble_avg_f1": 0.8128,
    "ensemble_avg_threshold": 0.505,
    "majority_vote_f1": 0.8236,
    "ensemble_probs": [
      0.5672712326049805,
      0.6782829165458679,
      0.47646114230155945,
      0.5255597233772278,
      0.47192907333374023,
      0.7001938223838806,
      0.4364994466304779,
      0.48966512084007263,
      0.4680075943470001,
      0.6263824105262756,
      0.5177739262580872,
      0.5989223122596741,
      0.3730255365371704,
      0.7178509831428528,
      0.46323156356811523,
      0.5514699816703796,
      0.3889524042606354,
      0.5461747050285339,
      0.49249958992004395,
      0.620028555393219,
      0.4561593532562256,
      0.5309993624687195,
      0.5090104937553406,
      0.5790042281150818,
      0.39905962347984314,
      0.4603029489517212,
      0.5929294228553772,
      0.4450697898864746,
      0.33069348335266113,
      0.601925790309906,
      0.38599804043769836,
      0.559730052947998,
      0.5239279866218567,
      0.40951037406921387,
      0.5847038626670837,
      0.40244433283805847,
      0.6308588981628418,
      0.43151426315307617,
      0.5509830713272095,
      0.3844577372074127,
      0.31536033749580383,
      0.5488161444664001,
      0.3209705054759979,
      0.41892924904823303,
      0.5637471675872803,
      0.506908118724823,
      0.47788724303245544,
      0.4482027292251587,
      0.4912054240703583,
      0.5005157589912415,
      0.44460633397102356,
      0.6372348666191101,
      0.627122700214386,
      0.5669243931770325,
      0.45490550994873047,
      0.7001938223838806,
      0.6412413120269775,
      0.41123726963996887,
      0.4978819787502289,
      0.5227961540222168,
      0.48723840713500977,
      0.37133368849754333,
      0.3532477617263794,
      0.5324522852897644,
      0.5472887754440308,
      0.5412357449531555,
      0.4793381690979004,
      0.4067906439304352,
      0.5147011280059814,
      0.46200695633888245,
      0.42991340160369873,
      0.5764603614807129,
      0.3699696362018585,
      0.4382915496826172,
      0.3210109770298004,
      0.5177618861198425,
      0.5085576772689819
    ],
    "labels": [
      1,
      1,
      0,
      1,
      0,
      1,
      1,
      0,
      0,
      0,
      0,
      1,
      0,
      1,
      0,
      1,
      0,
      1,
      0,
      1,
      0,
      1,
      1,
      0,
      0,
      0,
      0,
      0,
      0,
      1,
      1,
      1,
      0,
      0,
      1,
      0,
      1,
      0,
      0,
      0,
      0,
      0,
      0,
      0,
      1,
      0,
      0,
      0,
      0,
      0,
      0,
      0,
      1,
      0,
      0,
      0,
      0,
      0,
      0,
      1,
      0,
      0,
      0,
      1,
      1,
      1,
      0,
      0,
      1,
      0,
      0,
      1,
      0,
      0,
      0,
      1,
      1
    ]
  },
  "canttell": {
    "without_canttell": {
      "f1": 0.7911,
      "n_train": 3531
    },
    "canttell_as_no": {
      "f1": 0.7861,
      "n_train": 4316
    },
    "canttell_as_yes": {
      "f1": 0.8064,
      "n_train": 4316
    },
    "canttell_dropped_n": 785
  },
  "maxlen": {
    "128": {
      "f1": 0.819,
      "threshold": 0.51,
      "truncated_pct": 18.3
    },
    "256": {
      "f1": 0.7911,
      "threshold": 0.535,
      "truncated_pct": 0.1
    },
    "512": {
      "f1": 0.8003,
      "threshold": 0.515,
      "truncated_pct": 0.0
    }
  },
  "subreddit": {
    "conspiracy": {
      "f1": 0.8236,
      "n_removed": 564,
      "n_train": 2967
    },
    "TrueReddit": {
      "f1": 0.8236,
      "n_removed": 33,
      "n_train": 3498
    },
    "PlanetToday": {
      "f1": 0.8003,
      "n_removed": 33,
      "n_train": 3498
    },
    "full": {
      "f1": 0.7911,
      "n_train": 3531
    }
  },
  "probing": {
    "0": {
      "f1": 0.659,
      "threshold": 0.72
    },
    "4": {
      "f1": 0.7156,
      "threshold": 0.54
    },
    "8": {
      "f1": 0.6818,
      "threshold": 0.32
    },
    "12": {
      "f1": 0.684,
      "threshold": 0.5
    },
    "16": {
      "f1": 0.7335,
      "threshold": 0.6
    },
    "20": {
      "f1": 0.727,
      "threshold": 0.42
    },
    "24": {
      "f1": 0.6857,
      "threshold": 0.6
    }
  },
  "noise": {
    "0%": {
      "f1": 0.7911,
      "n_flipped": 0,
      "pct": 0.0
    },
    "5%": {
      "f1": 0.811,
      "n_flipped": 174,
      "pct": 0.05
    },
    "10%": {
      "f1": 0.8036,
      "n_flipped": 345,
      "pct": 0.1
    },
    "15%": {
      "f1": 0.8162,
      "n_flipped": 532,
      "pct": 0.15
    },
    "20%": {
      "f1": 0.7755,
      "n_flipped": 706,
      "pct": 0.2
    }
  }
}