{
  "f1": 0.8288888888888889,
  "precision": 0.8288888888888889,
  "recall": 0.8288888888888889,
  "accuracy": 0.8441558441558441
}