{
  "baseline_mean": {
    "f1": 0.6697027324592133,
    "precision": 0.6706142111601766,
    "recall": 0.6699999999999999,
    "accuracy": 0.67
  },
  "fusion_mean_plus_markers": {
    "f1": 0.6788438378161381,
    "precision": 0.6826298701298701,
    "recall": 0.6799999999999999,
    "accuracy": 0.68
  },
  "delta_f1": 0.009141105356924806
}