{
  "simple": {
    "name": "DeBERTa + Mean Pool (Ours)",
    "macro_f1": 0.8089,
    "precision": 0.803,
    "recall": 0.8259,
    "accuracy": 0.8182,
    "threshold": 0.52,
    "f1_no": 0.8511,
    "f1_yes": 0.7667,
    "confusion_matrix": [
      [
        40,
        10
      ],
      [
        4,
        23
      ]
    ],
    "probs": [
      0.5754812359809875,
      0.6574264764785767,
      0.47313830256462097,
      0.5210549831390381,
      0.4954267144203186,
      0.6659471988677979,
      0.41410085558891296,
      0.5119189023971558,
      0.4860287308692932,
      0.6312752962112427,
      0.5096740126609802,
      0.6021732091903687,
      0.3502969443798065,
      0.7024713754653931,
      0.4667082130908966,
      0.5638304352760315,
      0.3524690866470337,
      0.5006576776504517,
      0.5072583556175232,
      0.5994707942008972,
      0.36740240454673767,
      0.546596884727478,
      0.5258532166481018,
      0.5785371661186218,
      0.3960324227809906,
      0.4631945788860321,
      0.5985246300697327,
      0.4694589078426361,
      0.33900362253189087,
      0.6047043204307556,
      0.3778865337371826,
      0.5591450929641724,
      0.5023428201675415,
      0.4325726628303528,
      0.5739768147468567,
      0.4245000183582306,
      0.5981960296630859,
      0.46912088990211487,
      0.5502828359603882,
      0.40671005845069885,
      0.3116764426231384,
      0.54012531042099,
      0.31390681862831116,
      0.4044395387172699,
      0.5633743405342102,
      0.4927544593811035,
      0.47729256749153137,
      0.4816564619541168,
      0.520389199256897,
      0.4944111108779907,
      0.47389596700668335,
      0.6311115026473999,
      0.6237939596176147,
      0.5657327175140381,
      0.4555414617061615,
      0.6659471988677979,
      0.6219777464866638,
      0.43668869137763977,
      0.5191819071769714,
      0.5259152054786682,
      0.5031281113624573,
      0.37959346175193787,
      0.32743674516677856,
      0.5289773344993591,
      0.555396318435669,
      0.522909939289093,
      0.49239325523376465,
      0.43027010560035706,
      0.5479809045791626,
      0.47873634099960327,
      0.43705087900161743,
      0.5741887092590332,
      0.36767369508743286,
      0.45088160037994385,
      0.31690269708633423,
      0.5455372929573059,
      0.4823560416698456
    ],
    "labels": [
      1,
      1,
      0,
      1,
      0,
      1,
      1,
      0,
      0,
      0,
      0,
      1,
      0,
      1,
      0,
      1,
      0,
      1,
      0,
      1,
      0,
      1,
      1,
      0,
      0,
      0,
      0,
      0,
      0,
      1,
      1,
      1,
      0,
      0,
      1,
      0,
      1,
      0,
      0,
      0,
      0,
      0,
      0,
      0,
      1,
      0,
      0,
      0,
      0,
      0,
      0,
      0,
      1,
      0,
      0,
      0,
      0,
      0,
      0,
      1,
      0,
      0,
      0,
      1,
      1,
      1,
      0,
      0,
      1,
      0,
      0,
      1,
      0,
      0,
      0,
      1,
      1
    ]
  },
  "dual": {
    "name": "DeBERTa + CLS+Mean Pool",
    "macro_f1": 0.7939,
    "precision": 0.7882,
    "recall": 0.8074,
    "accuracy": 0.8052,
    "threshold": 0.49,
    "f1_no": 0.8421,
    "f1_yes": 0.7458
  }
}